9252315,d,3,b,1,f,8,twelve
111600381,d,4,e,3,g,2,seven
26708819,d,1,b,2,a,2,draw
158336885,d,4,h,2,e,2,ten
135648073,c,2,c,5,f,2,ten
82157345,c,1,f,4,e,2,twelve
220859049,d,2,e,7,g,6,eleven
133978401,c,2,g,5,c,5,fourteen
255616245,d,3,b,3,b,5,thirteen
176619591,a,1,d,6,g,4,sixteen
131847667,b,1,g,7,d,5,fifteen
254208667,d,4,e,3,b,2,eight
31587163,c,2,c,7,g,4,thirteen
137257375,c,2,c,8,f,1,eight
14237865,d,2,g,4,a,3,five
9214868,d,3,h,4,f,4,twelve
220415487,c,2,d,8,g,7,thirteen
23565616,c,3,a,3,g,3,twelve
27231000,c,1,h,3,b,7,thirteen
207451174,d,4,c,8,h,1,seven
230435382,d,3,c,8,d,7,draw
259364140,c,1,h,3,c,7,fourteen
121260862,d,2,d,3,f,2,five
236859960,a,1,a,6,g,4,fifteen
176794447,b,1,c,7,d,2,fifteen
22825423,a,1,b,4,d,1,thirteen
202330369,d,1,f,5,b,8,fourteen
177814113,d,2,a,4,d,8,twelve
182381620,d,3,f,5,b,2,six
114027576,d,3,e,8,h,1,six
196175921,d,3,c,1,h,8,eleven
23036129,c,2,a,8,e,2,ten
92721617,d,4,g,1,h,4,seven
144066392,c,2,b,6,d,4,fourteen
230561706,b,2,c,8,h,1,nine
12311335,d,1,h,2,f,1,six
93543117,d,4,e,5,b,2,eight
89258832,d,4,a,1,f,6,eleven
110072565,c,2,e,2,c,6,twelve
209230916,d,4,f,3,a,1,seven
255408933,d,2,f,6,h,7,ten
17347447,d,2,c,7,b,4,ten
77701747,d,3,f,1,c,5,twelve
121241338,d,4,f,5,c,1,eight
237877969,a,1,f,2,g,3,draw
191065147,c,3,d,2,h,2,nine
156959442,d,3,d,1,h,4,eleven
93833688,c,1,b,2,f,7,fourteen
150657229,a,1,c,3,h,5,fifteen
155544297,d,4,h,5,g,3,eleven
18258794,c,1,h,3,e,4,fourteen
246863782,c,1,b,3,h,2,seven
93681608,c,1,d,6,f,6,fifteen
42592235,d,3,e,7,h,8,eight
219640678,c,1,e,6,a,6,fourteen
65218199,d,2,c,6,c,8,twelve
70361695,b,1,e,3,h,8,thirteen
81436670,b,1,e,4,f,5,draw
226546427,c,2,e,4,b,6,twelve
266973065,d,1,b,5,f,6,thirteen
52599080,d,2,a,4,f,8,twelve
262147913,c,1,g,6,h,5,draw
220309864,b,2,h,4,f,1,ten
24086367,d,4,c,4,d,2,nine
144472204,b,1,d,8,a,4,eleven
33911243,d,3,g,4,d,6,twelve
223871274,c,1,b,8,b,4,thirteen
43837945,d,4,d,2,f,5,eleven
151953322,d,2,c,5,b,7,nine
193013558,c,1,f,3,c,8,fourteen
42800460,c,1,d,8,a,3,twelve
10083171,d,3,g,8,h,1,five
22076412,c,1,d,4,c,8,eleven
157577735,d,2,h,6,f,5,fourteen
131689740,d,1,g,1,b,7,fourteen
148816678,d,3,b,3,h,8,eleven
143515935,d,2,h,8,c,6,thirteen
67568567,c,2,g,2,g,6,thirteen
132057157,d,3,a,6,d,5,twelve
162956517,d,1,b,7,a,6,draw
115069580,a,1,g,6,h,7,draw
89201292,a,1,f,3,g,2,draw
147300397,d,2,f,3,h,3,ten
32635828,c,2,f,4,b,4,thirteen
119875248,d,1,e,8,h,3,twelve
140170546,d,2,f,3,g,5,ten
157714210,d,2,d,8,h,8,twelve
64559432,c,1,h,5,d,7,thirteen
7528547,c,1,f,2,b,4,fourteen
34143114,c,2,f,5,d,6,thirteen
122940508,c,1,d,1,d,5,fifteen
145699156,a,1,e,7,g,4,fifteen
47978500,d,2,b,2,h,1,six
109386429,d,1,c,7,h,3,twelve
238429012,c,1,h,1,b,6,thirteen
210992477,c,2,a,4,g,4,thirteen
73668112,d,2,a,6,d,6,thirteen
155464774,d,3,f,1,h,8,nine
142753100,a,1,c,2,f,1,seven
42078026,c,1,a,6,f,5,fourteen
203097657,d,2,h,7,g,7,draw
47381844,c,2,b,7,c,4,fourteen
154815414,b,1,c,1,a,3,ten
244918963,c,1,c,3,h,3,thirteen
143563948,b,1,a,3,c,3,fifteen
96836978,b,1,c,4,h,1,nine
124878427,b,1,g,8,e,3,fifteen
116102615,c,2,g,6,e,6,fourteen
196864108,c,2,a,7,g,3,twelve
95739145,d,1,c,2,e,8,fourteen
67778895,c,2,f,4,h,8,ten
185544598,b,1,b,3,d,2,eight
255221707,d,1,g,4,f,3,draw
33536643,c,1,f,6,h,3,twelve
187254643,d,3,g,7,f,8,draw
26425822,d,3,e,4,g,2,eight
75159807,c,2,d,7,h,6,thirteen
185945384,d,2,h,6,b,7,eleven
8680326,c,3,g,3,f,3,draw
222325967,a,1,e,5,c,3,fifteen
59096249,d,1,g,1,f,4,fifteen
77549418,c,1,h,5,h,6,draw
253831374,c,3,e,3,g,4,twelve
132111339,b,1,d,6,c,7,draw
104300833,c,1,e,8,d,8,draw
46178496,d,4,h,7,f,4,eleven
84199150,c,3,h,2,e,1,six
88186814,d,3,d,2,a,6,nine
86507810,d,1,a,8,b,6,fourteen
85211786,c,2,g,6,a,8,eleven
78449349,c,1,a,4,b,8,twelve
23629030,c,2,a,6,h,7,eleven
616619,d,2,a,8,b,6,thirteen
29885655,d,1,e,2,c,8,thirteen
113711491,c,2,b,3,c,5,fourteen
218671566,d,1,e,3,h,2,five
169076113,d,4,h,8,e,2,ten
89470470,d,3,f,4,e,7,twelve
167604949,c,1,h,6,d,8,twelve
250840398,b,2,h,6,d,1,ten
163047178,d,3,e,3,a,4,eleven
263682934,c,2,e,5,g,5,twelve
210317403,b,1,h,2,b,6,thirteen
38136540,c,3,f,8,e,3,thirteen
220955713,d,3,h,4,g,7,eleven
229688910,c,1,g,7,b,4,fourteen
52266431,b,2,b,5,e,1,ten
17344503,c,1,e,3,h,4,thirteen
248834916,a,1,f,6,g,2,thirteen
24731817,c,1,f,8,g,6,eleven
233181680,c,2,e,8,a,7,twelve
11148059,d,4,d,5,f,3,nine
108665082,c,1,h,1,b,8,twelve
153490223,d,1,c,5,h,5,thirteen
150463561,d,2,e,6,c,6,fourteen
233275393,c,1,a,4,d,5,fourteen
77932994,d,1,d,7,h,8,eleven
106975460,a,1,g,7,c,2,fourteen
238270467,d,3,e,3,f,1,six
248094028,d,4,h,6,c,2,eight
157613794,b,1,g,8,a,8,thirteen
221825663,a,1,e,2,e,1,draw
611816,c,2,c,5,b,6,draw
93526017,d,2,e,4,b,2,five
184021885,d,1,e,5,a,4,ten
181407804,c,1,f,3,a,5,thirteen
108139489,d,1,f,3,h,6,eleven
217600041,d,3,c,5,b,3,seven
90612642,c,1,a,2,d,4,fourteen
3068506,b,2,e,7,g,6,fourteen
227742537,a,1,c,1,g,4,fifteen
219823176,c,2,a,3,e,6,thirteen
226396056,d,2,c,5,h,2,eight
75731412,c,1,b,1,e,8,fourteen
164063084,b,1,f,3,e,8,fourteen
31369126,d,2,g,7,f,7,draw
162777250,d,4,g,1,e,2,ten
133876559,b,1,b,4,b,6,fifteen
191257649,d,2,c,3,b,1,four
63666283,d,2,h,3,g,3,draw
232173987,a,1,h,6,e,2,thirteen
56899846,c,3,e,1,h,4,eleven
116269989,c,2,d,4,h,3,eight
267625712,b,1,f,6,c,6,sixteen
251623508,c,3,b,2,g,2,ten
115479220,d,2,a,5,d,6,twelve
91538160,d,2,b,5,b,1,three
231923812,b,1,b,4,f,5,fourteen
91869552,d,1,d,7,b,2,thirteen
267247398,d,3,e,8,b,3,seven
149568548,c,3,g,7,f,4,thirteen
238634600,d,1,b,1,a,7,eight
37486246,c,2,a,3,e,4,fourteen
122201244,d,3,c,8,c,7,draw
52806690,c,2,b,1,c,5,thirteen
177740776,d,3,h,7,b,7,eleven
234011239,d,1,c,1,g,3,fourteen
169334922,b,2,b,4,f,2,ten
163944087,d,2,b,3,a,3,draw
6047776,d,3,f,7,e,8,draw
94731341,b,1,c,8,h,3,twelve
44220466,a,1,b,3,e,2,nine
218492274,c,1,d,1,g,7,thirteen
33103802,b,2,a,7,d,3,fourteen
38775978,c,3,b,4,h,3,eight
233725604,c,2,f,8,e,1,ten
120162663,c,1,d,6,d,3,fifteen
34563038,b,1,e,2,h,7,thirteen
186592566,c,1,a,7,e,8,eleven
169723249,b,1,b,2,b,7,thirteen
136136666,d,2,e,5,f,5,draw
128959938,d,3,g,4,a,6,nine
47888805,c,3,e,1,h,8,eleven
155785515,d,1,e,6,c,5,fifteen
37018952,d,1,h,2,d,6,fourteen
244971135,d,1,d,7,b,8,eleven
221733566,d,1,h,3,b,2,four
16320111,a,1,g,6,e,2,sixteen
69596537,c,2,g,5,f,8,thirteen
185388829,b,1,f,3,g,8,twelve
64732048,c,2,h,2,g,4,thirteen
224884660,d,2,c,7,e,7,fourteen
93547013,c,1,c,5,b,8,ten
187394376,c,1,f,8,h,5,eleven
74634279,d,3,d,8,d,6,twelve
191169089,a,1,d,1,e,4,fifteen
221662069,b,1,a,2,a,5,twelve
149126932,c,2,d,1,f,5,fourteen
72647621,d,2,e,3,e,4,thirteen
159385349,b,1,b,8,c,7,draw
182663504,c,1,b,3,a,8,seven
89108951,b,2,e,4,g,2,eleven
175730797,d,1,h,8,b,8,thirteen
46313362,d,1,c,8,b,1,nine
266755539,c,1,c,2,f,1,six
3965274,d,3,g,2,g,7,twelve
88531274,d,3,a,5,f,2,eight
9653321,d,3,c,4,a,6,eight
228425559,b,1,d,4,g,2,ten
242600792,d,1,f,4,b,1,five
261194676,a,1,b,3,g,5,fifteen
129151494,d,2,d,3,g,2,six
242441785,c,2,c,4,b,4,draw
217026016,c,1,d,8,a,1,two
4441374,b,1,h,1,b,8,twelve
177563822,a,1,c,3,g,4,sixteen
91964723,d,1,f,1,e,4,fifteen
113462796,b,2,c,6,g,2,eleven
165585560,b,1,f,3,d,4,sixteen
88741595,d,3,c,4,g,8,eleven
115109960,d,3,b,5,b,6,draw
70247707,c,3,c,2,h,4,twelve
128463352,d,3,d,2,f,3,twelve
251381932,c,3,h,6,h,4,thirteen
211954557,d,1,a,8,g,6,thirteen
144017992,d,3,a,2,f,4,twelve
123950843,b,1,d,6,a,3,twelve
104257399,d,1,e,7,b,5,fourteen
170586634,d,2,a,4,a,3,draw
68076863,a,1,d,8,h,7,fourteen
59841343,d,2,d,1,e,8,twelve
116779177,d,4,e,5,d,2,eight
201622751,d,2,f,7,f,2,ten
101498662,d,2,h,8,d,5,thirteen
251768487,b,2,d,8,h,6,thirteen
253451987,d,1,f,2,b,5,thirteen
213903867,c,1,e,3,e,7,thirteen
40337454,c,1,g,1,g,6,fourteen
211075468,d,3,b,5,c,5,draw
41155321,a,1,a,7,c,1,twelve
221903512,c,3,a,3,e,1,eight
132437335,d,2,c,1,c,4,fourteen
208989911,a,1,g,7,h,7,draw
73990352,b,1,b,7,g,7,fourteen
33894978,c,3,g,2,f,5,thirteen
144764835,b,1,f,5,h,7,thirteen
246306050,d,1,d,7,c,6,draw
162354887,b,1,g,8,d,3,fifteen
172499913,d,3,e,8,a,1,five
156712053,b,2,g,4,h,7,ten
44715041,c,1,e,5,e,1,eleven
41039413,c,1,h,8,g,2,twelve
41246750,c,1,g,2,c,4,fifteen
44192225,c,1,g,6,b,5,fifteen
2257424,c,1,d,5,e,5,draw
82132480,c,2,g,8,g,4,thirteen
255743107,c,2,a,2,e,6,thirteen
1874633,c,1,c,7,g,3,fourteen
241597100,d,4,f,8,h,1,seven
254393839,d,1,b,1,h,3,thirteen
196793229,c,1,b,7,a,2,nine
95162266,b,1,d,1,h,5,thirteen
247846392,c,2,b,8,b,7,draw
124005520,d,3,c,5,d,5,draw
41931571,d,1,e,8,b,3,fourteen
11474052,d,1,g,3,c,3,fourteen
243599556,d,4,d,6,h,2,eight
10647429,d,3,d,1,f,2,ten
248234332,d,4,g,8,c,2,eight
174573505,b,1,f,6,b,5,fifteen
135171991,b,1,b,7,a,4,eight
191417135,d,2,d,1,h,2,eight
158822108,b,2,e,2,d,3,draw
166913768,d,2,a,7,h,4,eleven
22702713,d,1,g,6,e,3,fifteen
14772520,c,1,g,6,g,8,thirteen
128730764,c,3,b,1,g,5,twelve
152062964,d,2,f,4,f,1,six
6872951,c,1,h,1,a,1,two
148491944,d,4,f,2,c,2,eight
168765315,c,2,e,2,c,4,thirteen
5315065,c,2,d,3,f,2,eight
94731298,b,2,h,2,h,4,fourteen
217126378,d,4,h,1,g,7,eleven
130354891,c,2,a,7,h,1,eight
88544641,b,1,f,6,f,7,draw
27341480,d,3,e,5,f,8,nine
2553367,d,3,b,4,h,4,eleven
192063105,c,2,c,8,d,8,draw
235003140,d,2,a,8,b,7,draw
123439348,c,2,h,1,e,2,ten
238462527,d,2,c,6,d,5,draw
157251221,d,2,a,3,f,7,thirteen
69924874,d,1,f,2,f,7,fourteen
29471849,c,1,g,4,c,8,fourteen
84747431,c,3,c,8,h,4,eleven
108728519,d,3,a,7,d,6,twelve
257163149,c,3,f,2,h,3,eleven
84982843,b,1,d,4,f,3,twelve
6298984,d,1,b,2,d,6,fifteen
40334440,d,4,h,4,b,2,eight
233411436,c,2,b,1,h,6,twelve
217922366,d,1,g,7,c,6,fifteen
179720199,c,2,c,7,a,7,nine
85346990,c,1,b,2,f,5,fifteen
220941539,c,2,d,6,e,6,draw
25443677,d,3,c,8,b,8,draw
164824093,b,2,c,2,d,4,fifteen
110790332,d,2,d,3,b,4,eleven
212480843,c,2,c,7,h,2,nine
13776642,c,3,b,2,h,4,twelve
175030469,a,1,c,4,d,2,thirteen
152878698,d,3,h,1,g,5,twelve
51647795,d,1,h,8,g,5,fourteen
247575321,b,1,e,1,d,4,fourteen
113434473,b,1,f,3,g,6,thirteen
43814453,c,1,g,4,b,5,fourteen
51857712,c,1,d,5,h,6,twelve
71370393,d,4,h,8,h,7,draw
52591568,c,1,f,1,b,5,fourteen
52272323,d,2,b,1,h,4,eleven
214461874,b,1,g,1,g,6,fourteen
179061014,d,1,b,8,d,3,fourteen
177841078,d,1,f,8,g,4,eleven
243960221,d,3,b,2,a,1,draw
22778318,a,1,d,6,h,4,fifteen
189783273,d,3,b,4,b,7,ten
173646609,d,1,g,3,a,3,thirteen
28811886,d,3,f,4,h,5,nine
145320994,c,1,c,3,a,2,one
175022640,d,3,f,3,h,1,five
122197093,d,4,e,6,f,4,eleven
243808366,a,1,e,2,h,7,fourteen
74281096,c,2,f,7,e,7,draw
73352111,b,2,f,7,d,3,fifteen
267775924,b,1,h,4,e,4,fourteen
51654473,b,1,d,8,b,4,thirteen
70727328,a,1,e,4,c,1,twelve
105355608,c,1,b,7,e,6,fifteen
25467416,b,2,g,4,f,5,draw
205696202,c,2,c,3,f,2,seven
245091709,d,3,h,2,c,5,twelve
182643898,c,2,b,7,h,1,eight
139961282,c,3,b,7,g,4,twelve
211881222,c,2,h,1,c,4,thirteen
66474336,c,1,e,3,g,3,thirteen
61460341,d,2,c,6,g,3,twelve
93664897,d,4,d,6,f,5,eleven
156649698,b,1,a,1,b,8,fourteen
196053252,b,2,h,5,g,5,draw
110729746,a,1,g,8,h,1,nine
141232176,c,1,b,3,h,1,seven
150659915,c,1,c,2,c,5,fifteen
96535744,d,4,e,8,h,4,ten
131516757,d,4,g,3,f,1,nine
192046318,c,1,h,8,e,1,nine
10964283,d,3,b,6,b,5,draw
201030537,b,2,c,5,f,4,twelve
221426718,a,1,h,2,c,1,eight
195796573,c,2,g,2,h,5,nine
120063292,d,4,a,1,h,8,nine
152470955,b,1,a,8,e,6,fourteen
81167024,d,4,c,8,h,7,nine
124670224,c,1,c,4,e,3,twelve
95526749,c,2,d,5,d,8,twelve
75423082,d,4,d,6,g,5,eleven
85004385,c,2,f,2,f,5,fourteen
130139459,d,2,f,8,g,6,ten
13442450,d,2,e,8,c,5,thirteen
253317753,c,2,h,4,f,3,nine
52424358,d,3,a,1,h,2,eight
145794722,b,1,a,7,d,8,ten
178260580,d,3,g,3,g,2,draw
184263914,c,1,f,2,g,3,draw
248803837,d,1,a,1,e,4,fourteen
50987740,d,3,g,2,g,5,twelve
175792534,d,1,d,3,f,3,fourteen
93040392,b,2,e,5,h,5,eleven
54309380,d,2,a,6,g,1,six
15725689,d,2,d,1,f,3,fourteen
209996373,d,1,f,3,b,3,fourteen
192093011,c,3,a,5,h,5,eleven
89021283,d,4,a,8,h,5,nine
96115539,d,2,h,6,b,5,thirteen
154494528,c,1,h,2,e,3,fourteen
154515854,b,1,f,8,a,3,eleven
30336001,c,1,d,1,a,2,thirteen
203874807,d,3,g,3,a,2,six
228656455,d,1,a,3,c,5,fourteen
189494736,d,1,d,3,h,7,twelve
175003656,c,2,g,8,d,6,fourteen
29154938,b,2,c,1,d,2,fourteen
119467857,b,1,c,4,d,4,draw
56756840,b,1,f,8,b,4,fourteen
197334975,d,4,c,5,c,2,eight
211215223,c,2,e,4,h,4,eleven
135726933,b,1,d,4,e,4,draw
167324357,d,2,g,2,g,7,thirteen
216125134,d,3,e,3,c,5,eleven
68027419,c,1,h,6,f,2,thirteen
226501906,b,1,d,7,d,6,draw
13370123,d,3,e,4,b,8,nine
241676034,a,1,g,2,f,3,draw
47394842,d,4,h,4,a,1,six
113233988,c,1,g,3,e,1,eight
66707499,c,1,e,5,a,7,twelve
40044054,c,2,b,5,f,6,twelve
166238576,d,4,a,8,f,3,ten
120278625,d,1,a,6,f,6,fourteen
197721819,d,2,c,6,b,6,draw
122939772,c,1,d,7,h,8,eleven
33834271,b,1,g,6,a,8,twelve
256812671,d,3,a,3,d,5,twelve
264981795,d,3,h,2,d,8,eleven
209189155,c,1,d,2,a,1,draw
251689102,b,2,e,7,h,5,thirteen
198148720,a,1,h,3,f,3,sixteen
196966226,c,3,e,7,g,2,eleven
98676419,b,1,h,8,g,2,thirteen
242181907,c,1,a,2,h,4,thirteen
143597823,b,2,a,5,h,6,thirteen
7962662,d,3,f,1,a,5,ten
89503951,d,4,c,2,h,5,nine
191915288,c,2,f,5,b,7,twelve
78976303,d,2,d,7,g,6,thirteen
258141049,a,1,e,8,g,1,fourteen
12409634,a,1,h,3,c,2,ten
76159413,d,2,d,5,g,2,eight
162650201,d,2,a,3,b,4,draw
77542330,c,1,c,6,d,3,fifteen
115454989,d,4,f,6,h,6,ten
8807669,b,1,f,4,a,5,fourteen
205849372,a,1,f,3,h,2,ten
72394390,b,1,a,4,e,3,eleven
112663369,d,3,f,5,e,8,eleven
9226844,d,2,a,2,g,1,six
253772792,d,3,e,3,c,8,ten
28569440,d,2,e,2,f,7,eleven
190516179,b,2,g,8,f,4,fourteen
3665750,b,1,f,6,d,1,thirteen
228946658,b,2,c,6,f,3,fifteen
187218364,d,4,a,3,h,4,nine
48729399,c,2,c,1,d,6,thirteen
248549481,c,1,h,5,g,6,draw
9768128,d,1,f,7,h,6,eleven
100288461,b,1,g,4,h,5,draw
181101920,b,1,e,5,b,8,fourteen
109682140,b,1,c,5,b,6,draw
203486918,b,1,d,1,f,3,fifteen
231723421,b,1,a,5,d,1,ten
8984738,b,1,b,5,g,1,nine
157047048,d,2,a,7,f,7,thirteen
103550338,b,1,a,5,e,5,fourteen
208685905,d,3,d,6,h,5,nine
80857056,b,2,h,1,g,5,fourteen
206011501,c,1,h,1,e,1,nine
232737525,d,3,c,7,h,6,eleven
33961679,c,2,h,1,f,6,thirteen
87635974,c,1,b,7,f,8,ten
210207164,b,1,b,8,c,4,fifteen
222421389,d,1,a,1,a,3,twelve
212081959,b,2,g,6,h,4,ten
144036266,d,1,c,2,f,4,fifteen
133879753,c,3,h,8,f,4,thirteen
64178147,c,1,d,6,f,4,fifteen
55282209,d,1,d,6,h,2,eight
85996386,d,2,f,8,a,8,twelve
9511310,a,1,b,1,c,1,fifteen
45803165,b,1,f,8,g,8,draw
267885263,d,3,e,1,f,5,eleven
115344941,d,3,f,5,c,7,eleven
172519075,d,4,c,6,h,5,nine
174779839,c,2,d,4,d,6,twelve
29667823,c,1,f,6,b,3,fourteen
230788626,b,1,h,6,b,8,twelve
166753352,d,2,b,2,e,4,fourteen
231915343,d,2,a,8,b,2,eleven
166155643,d,2,h,7,b,5,thirteen
49944409,b,1,h,4,c,6,fourteen
241630263,d,2,h,2,h,3,draw
11499814,d,1,b,5,e,6,fourteen
221131218,d,1,g,2,g,7,fourteen
93561701,c,1,g,4,e,3,twelve
250290492,d,1,b,7,h,1,six
116113481,b,1,c,4,a,7,nine
99404569,d,1,g,4,a,5,fourteen
28839255,c,1,a,8,a,5,twelve
162817711,d,3,c,3,f,6,thirteen
128453573,d,2,c,5,f,6,thirteen
156361074,c,3,e,1,h,7,eleven
127612805,d,2,h,4,g,5,draw
6042439,b,1,b,8,c,8,draw
249972158,b,1,d,8,f,8,fourteen
204516186,a,1,g,6,c,2,fourteen
194674173,a,1,g,6,e,3,sixteen
104981632,c,2,e,6,g,4,thirteen
209246652,c,1,c,2,f,6,fifteen
17611993,d,3,h,1,e,6,twelve
250824352,d,2,d,8,c,6,eleven
64788366,c,1,h,7,d,6,fourteen
206742945,d,3,a,5,d,7,eleven
14657329,c,1,b,8,h,1,eight
240060902,d,3,g,3,f,6,twelve
156503342,d,3,e,7,g,3,eleven
218539170,d,2,c,2,g,3,twelve
7378641,b,2,e,1,g,2,thirteen
250875534,d,3,d,4,c,1,five
130794467,a,1,a,8,h,1,ten
72279109,d,1,g,8,e,8,fifteen
242305544,d,1,e,7,a,8,eleven
252604031,c,3,c,4,f,4,thirteen
186946913,d,4,a,3,h,6,nine
81425066,b,1,d,6,b,6,thirteen
225076752,d,3,h,2,b,7,ten
150809591,c,1,a,6,g,1,nine
182206450,b,1,a,2,f,4,fifteen
42551895,d,4,f,4,c,1,eight
151231478,d,3,b,8,f,5,twelve
131836468,c,2,h,8,a,2,two
228284325,d,1,h,6,b,6,fourteen
192486863,d,2,e,7,d,6,draw
43445568,b,1,d,8,b,5,twelve
132532807,c,1,h,7,g,3,fourteen
173065564,d,4,b,7,g,3,ten
30824017,a,1,e,2,h,4,fourteen
116879369,d,1,e,8,a,6,thirteen
125298799,d,2,f,4,a,3,five
119303598,d,1,a,7,c,4,fourteen
170976136,c,2,e,4,b,7,eleven
26929406,d,2,b,8,f,3,thirteen
81895064,c,2,h,8,b,5,twelve
188225551,c,1,f,3,d,5,fifteen
243648449,d,2,a,7,g,8,eight
38960111,d,4,h,1,f,6,eleven
38609561,a,1,a,5,g,6,fourteen
137653577,b,1,h,6,b,6,fifteen
625997,b,2,h,7,e,5,fifteen
87965181,c,2,g,8,e,1,eleven
88692095,c,3,e,3,h,7,eleven
153241884,d,4,f,5,h,8,eight
11257362,d,1,e,6,d,7,draw
158967912,c,2,h,2,d,5,fourteen
5511489,c,2,a,8,h,3,eleven
21047266,b,1,d,3,h,7,fourteen
146825502,b,1,e,2,d,6,fourteen
176672680,b,2,c,2,e,3,fifteen
112263043,b,1,f,2,d,4,sixteen
61567448,d,2,c,7,e,5,fourteen
105568569,c,2,e,6,h,6,twelve
225311230,b,1,e,4,g,7,twelve
101425521,d,3,g,3,b,1,four
109185553,d,1,f,2,d,3,fifteen
86262208,d,3,g,1,a,7,nine
181046313,b,1,c,1,g,2,eleven
100172166,d,1,f,5,d,4,fourteen
71377980,b,1,f,7,b,3,thirteen
193829878,d,3,b,5,h,4,eight
239875405,b,2,d,4,g,5,thirteen
203084986,c,3,a,7,g,5,twelve
263741046,c,2,c,8,g,1,eight
242726745,c,2,a,5,f,5,twelve
23291824,d,3,h,2,e,5,twelve
100302557,c,2,f,1,h,6,eleven
262668355,d,1,e,7,f,3,twelve
239795594,c,2,h,3,f,5,fourteen
85507586,c,1,f,2,c,8,fourteen
124021388,c,1,b,3,f,3,fourteen
3519747,b,1,g,1,b,5,thirteen
62817549,d,3,g,8,f,6,thirteen
14419515,d,1,f,4,d,5,fifteen
226568965,b,1,c,8,b,8,draw
59985226,a,1,a,6,h,2,twelve
230405734,d,3,a,3,h,8,eleven
168130497,c,1,a,7,f,7,fourteen
177041394,d,1,c,2,c,8,fourteen
42317907,d,2,b,3,h,2,five
42209794,b,2,h,3,h,4,draw
259231435,c,1,f,8,d,7,fifteen
180336843,c,3,h,3,h,1,eight
255279678,d,3,d,6,g,2,eight
150440767,c,3,g,5,h,1,seven
178074524,c,3,c,4,e,1,nine
148629844,d,2,f,7,h,8,nine
245716815,d,1,h,3,c,3,fourteen
206474537,d,4,d,1,g,2,ten
115563281,a,1,e,8,g,5,fourteen
217980168,b,1,h,7,g,8,draw
218429001,d,2,a,3,g,5,thirteen
76245698,c,1,e,5,g,4,fourteen
21709033,c,3,h,7,g,4,thirteen
257138978,c,1,d,6,c,8,twelve
90984004,d,3,b,4,d,8,eleven
121103388,d,3,b,4,h,3,six
183416202,d,2,c,2,f,4,thirteen
131212964,c,1,e,1,f,4,thirteen
50558744,d,1,g,8,e,5,fifteen
65596034,c,3,f,5,f,1,nine
22628434,c,3,h,6,h,5,draw
160978091,d,2,a,5,g,4,nine
123743652,a,1,b,8,f,2,thirteen
48680442,d,2,b,7,h,6,twelve
173958031,a,1,g,1,f,5,fifteen
166786674,d,1,d,4,e,3,draw
185675785,c,3,g,4,g,3,draw
85172779,d,3,d,7,h,7,eleven
228167647,b,1,d,2,e,3,draw
49676342,c,1,a,8,h,1,eight
202037631,c,1,h,2,g,2,draw
201505404,a,1,a,7,f,3,fifteen
122568557,a,1,f,1,g,6,twelve
99087193,d,4,c,7,h,3,nine
76559919,b,2,e,7,h,2,twelve
79378302,c,2,a,5,g,6,twelve
103836009,c,2,f,6,f,1,ten
131732926,a,1,f,5,c,2,fourteen
68537845,c,2,e,2,h,2,nine
175326221,c,1,f,3,e,2,draw
23085830,c,2,d,4,b,4,ten
141645614,c,2,d,1,d,5,fourteen
7471153,d,2,d,1,b,7,ten
229709228,b,1,d,7,a,4,twelve
64236684,d,3,h,2,g,5,twelve
73298613,a,1,h,1,f,1,thirteen
142103046,c,2,a,4,g,2,eight
205467434,d,2,g,5,e,5,thirteen
140837905,d,2,f,7,f,6,draw
146888360,d,2,f,4,g,5,draw
45035973,d,3,b,6,d,1,two
218730917,d,2,a,6,g,4,thirteen
36253402,d,2,a,6,a,5,draw
132145286,d,3,g,2,h,8,five
57568372,d,2,a,2,c,5,thirteen
209201894,b,1,c,5,f,2,fourteen
219801604,d,1,b,8,g,7,fourteen
150283690,d,1,d,7,f,4,fourteen
211945106,b,1,f,4,d,6,fifteen
68714846,d,1,a,8,e,3,fourteen
251492421,c,1,a,5,b,3,fourteen
203347821,d,1,f,1,a,5,thirteen
102969448,d,1,a,4,a,1,six
236434542,b,2,g,8,e,3,fifteen
188696410,a,1,f,5,h,8,thirteen
136696643,d,3,h,3,e,7,twelve
34143368,c,1,d,2,f,6,fifteen
206275638,c,2,b,1,f,6,thirteen
121249598,b,2,b,3,g,4,fourteen
136249907,d,1,b,8,h,8,thirteen
210292525,b,2,a,7,h,5,thirteen
152786678,d,2,e,7,b,2,five
253997087,a,1,e,4,h,6,fourteen
25041474,c,2,c,1,f,2,fourteen
15486431,c,2,f,7,a,6,twelve
98492646,c,1,d,7,b,4,twelve
255404375,b,1,b,6,a,4,eight
238337321,b,1,c,7,f,7,fifteen
85839151,c,2,a,4,b,5,draw
20620023,c,3,g,7,e,5,fourteen
106545362,c,3,f,5,f,2,eleven
65667327,b,1,a,7,d,2,fourteen
36267621,a,1,d,7,h,6,fifteen
34062906,d,3,f,5,g,2,eight
129735958,c,2,c,4,b,6,eight
256859868,c,1,d,4,e,5,draw
122017987,c,2,d,4,f,8,twelve
13840298,c,3,a,4,f,5,thirteen
201979030,d,2,h,5,f,4,twelve
13989884,b,1,d,6,g,1,nine
241922543,a,1,c,2,d,4,sixteen
224525087,d,3,d,5,c,7,nine
214845492,b,1,h,3,e,7,fourteen
138391340,b,1,d,1,b,5,twelve
37435257,c,1,e,7,c,4,fourteen
180507578,d,3,c,8,g,7,twelve
138571269,d,1,b,5,g,8,thirteen
173629497,d,1,g,4,e,6,fifteen
104755620,d,2,b,8,h,8,twelve
30489425,c,2,e,4,a,1,one
34675064,d,1,d,2,d,3,fourteen
260465443,d,3,f,2,e,8,twelve
113451961,c,2,e,2,b,7,eleven
110512984,d,3,e,2,g,2,eight
172494866,d,2,c,8,f,4,thirteen
149730934,b,2,d,1,h,8,twelve
143613670,b,1,d,1,c,6,twelve
2954657,d,1,f,1,e,6,fifteen
52319732,c,1,e,7,a,4,twelve
181193907,c,1,c,6,a,8,ten
85516671,d,2,g,7,g,4,thirteen
109511495,b,1,d,1,f,4,fifteen
130666201,d,3,e,7,e,5,twelve
215190351,b,2,f,4,e,1,eleven
110543203,b,2,g,5,d,4,fourteen
227034972,d,1,h,2,a,7,twelve
68536864,c,1,d,7,h,1,eight
96111377,d,2,g,8,b,6,thirteen
84050974,d,3,c,1,f,8,twelve
91077303,d,3,e,8,d,6,eleven
32267698,d,1,b,5,d,7,fourteen
49418625,c,2,a,7,b,4,twelve
136239936,c,2,e,8,d,4,twelve
37536084,a,1,h,7,c,1,eleven
49606282,d,3,a,1,e,6,twelve
36328173,d,2,f,5,a,7,twelve
21133926,d,2,d,8,h,5,eleven
103241008,b,1,b,3,g,8,fourteen
59913758,d,2,f,5,c,8,thirteen
8113191,c,3,c,7,g,6,thirteen
194658992,d,2,d,1,h,4,eleven
240717667,c,1,d,1,a,1,two
191973449,a,1,b,6,e,1,eleven
138737547,c,2,f,8,g,7,draw
69439397,b,1,d,2,a,4,twelve
32945982,d,3,c,8,c,6,thirteen
186386937,c,3,g,6,h,6,draw
169669552,d,2,f,7,e,7,draw
183658153,c,1,d,4,a,7,eleven
198408520,d,2,f,3,h,8,ten
10557781,c,1,h,1,c,7,fourteen
233283051,d,3,e,3,b,5,eleven
76443955,c,2,h,3,f,8,thirteen
30340082,c,1,f,5,f,7,fourteen
5419274,b,1,a,2,g,1,seven
33237627,c,1,a,1,e,1,nine
218261255,b,1,e,4,c,8,thirteen
194277374,d,2,f,3,c,7,thirteen
45804442,d,1,a,5,e,7,thirteen
19469505,c,3,g,1,g,3,twelve
69623300,a,1,h,2,e,4,sixteen
29254317,c,3,d,5,h,2,nine
177323833,d,3,g,8,g,2,ten
233886240,d,3,h,3,d,5,twelve
204700792,a,1,g,5,e,2,fourteen
61779967,a,1,e,6,d,3,fifteen
8891431,d,3,f,4,c,5,twelve
195047966,b,1,c,8,g,3,fourteen
51454474,d,2,a,3,e,4,thirteen
194678906,d,2,g,6,h,3,eight
47089928,b,1,c,6,b,4,eleven
28918252,d,3,e,8,h,3,nine
245916714,a,1,f,6,g,3,thirteen
258387228,b,1,f,8,h,1,twelve
127832508,d,1,c,3,a,6,ten
57292792,b,2,d,8,g,3,fourteen
184718415,b,1,a,2,h,5,thirteen
199808143,c,1,a,4,h,1,eight
104752030,b,1,h,3,c,5,fifteen
159228517,a,1,f,7,h,5,thirteen
75884650,d,3,f,3,a,1,four
146766148,d,1,g,3,b,6,thirteen
229235552,d,2,g,2,e,5,fourteen
115180301,c,2,b,5,h,7,twelve
94618748,d,3,e,4,f,8,nine
5031583,b,1,d,3,a,8,ten
74403217,d,2,b,4,g,8,eleven
224375049,b,2,h,7,h,1,twelve
170627197,c,2,f,1,a,7,eleven
175219596,d,3,h,5,h,2,eight
120427765,c,2,h,4,g,6,thirteen
240884843,b,1,f,5,c,7,fourteen
66153880,c,3,f,5,e,4,draw
246449964,d,4,h,1,c,1,eight
88499524,d,3,f,2,a,5,ten
233885677,d,2,f,5,g,3,ten
48362128,b,1,d,4,h,2,nine
142808489,d,1,h,8,b,4,fourteen
224661743,d,2,e,3,d,7,twelve
132871835,b,2,b,8,d,2,twelve
49437121,d,2,f,8,b,7,thirteen
94140420,b,2,e,1,g,3,thirteen
16933126,b,1,a,8,h,7,fourteen
22593198,d,4,h,2,g,1,draw
87328506,b,1,d,2,g,7,fourteen
9198342,c,3,a,5,f,4,eleven
266229347,d,3,a,6,e,7,ten
24709366,c,3,c,4,h,3,eight
142110857,d,2,g,4,d,6,thirteen
91245203,d,4,g,5,b,2,eight
106880650,c,2,g,2,d,8,thirteen
163128756,c,1,c,7,a,7,eleven
22784234,c,1,a,5,f,2,eleven
75524461,b,1,a,7,f,2,twelve
190030162,b,2,e,3,h,4,thirteen
73293417,d,3,h,8,b,7,eleven
17587746,b,1,c,8,h,6,fourteen
121315849,a,1,g,8,d,3,sixteen
107856257,c,2,h,5,f,4,twelve
128943826,d,3,e,6,e,7,draw
17163870,d,3,h,1,d,6,twelve
124414145,d,1,d,7,c,4,thirteen
245708189,d,1,g,8,b,5,fourteen
214583135,b,2,c,5,g,5,thirteen
104459452,c,2,h,7,h,8,draw
139288560,d,1,d,6,g,8,thirteen
232847323,c,3,a,8,g,2,ten
46310179,c,2,b,4,c,6,thirteen
103510024,d,1,g,5,h,1,five
44345777,b,1,c,2,b,4,eleven
94087853,d,3,e,6,b,4,eleven
33235707,b,1,c,5,h,7,thirteen
191611320,c,3,g,6,h,4,nine
116666334,b,2,e,4,g,5,thirteen
188782352,d,2,e,5,f,3,twelve
239358354,c,1,g,3,c,4,fourteen
110903981,c,1,a,6,a,5,draw
61012079,c,2,g,2,h,6,eight
241218651,d,2,c,2,f,3,thirteen
249314655,c,2,g,8,d,4,fourteen
161868717,a,1,f,3,f,1,eleven
211138945,b,2,h,1,e,5,fourteen
213415625,c,1,c,3,b,4,draw
161846406,d,1,a,5,b,7,fourteen
109325933,c,2,d,4,c,5,draw
239284501,b,2,f,3,g,4,draw
88896472,c,3,c,8,b,1,three
153309218,c,1,g,7,f,7,draw
163130982,b,2,g,7,h,1,nine
54152615,c,1,a,2,f,5,fourteen
146749409,c,1,c,4,f,4,fourteen
267331559,c,1,c,4,g,3,eight
32817944,d,2,h,2,b,3,thirteen
219908781,c,3,f,7,e,1,eight
249230645,c,2,f,3,a,6,ten
64773673,d,3,c,8,g,8,twelve
167566295,d,1,a,7,g,4,fourteen
218790678,d,2,f,6,b,8,twelve
58269660,b,1,e,6,b,7,thirteen
76253115,d,1,b,2,c,3,draw
92062943,d,2,b,8,f,8,thirteen
19331808,b,1,h,3,g,8,fourteen
808496,d,1,h,3,a,4,thirteen
116588440,a,1,h,8,d,4,sixteen
207978055,d,4,h,3,g,3,draw
125521715,d,4,h,7,c,1,eight
115635651,d,2,a,1,a,7,eleven
32113037,b,1,h,1,g,5,fourteen
72737334,b,1,g,1,g,8,fourteen
203134808,c,1,a,5,g,4,twelve
176829366,d,3,c,8,g,2,eight
78212883,d,1,d,2,d,6,fourteen
125224754,d,4,h,2,f,6,eleven
219528048,b,2,h,7,g,1,twelve
105623465,c,3,a,7,e,4,thirteen
206574736,d,1,c,2,b,3,eleven
54805445,c,2,b,7,e,7,fourteen
145862179,d,2,h,5,g,4,draw
232708406,d,1,a,7,d,3,fourteen
196085924,c,1,b,6,c,4,fifteen
143722800,b,1,e,7,f,7,draw
163303723,b,1,f,4,e,1,eleven
41497908,c,1,f,6,a,8,thirteen
212197332,c,2,b,5,f,8,twelve
195691433,b,2,d,4,e,5,draw
136388080,c,1,g,3,a,7,eleven
184415960,c,2,h,6,g,5,draw
15944767,b,1,c,3,g,7,fourteen
195715107,d,3,h,5,e,7,eleven
145347076,c,3,d,2,f,4,thirteen
139192106,c,3,f,4,e,5,draw
67893621,a,1,d,8,h,4,fourteen
145079482,d,3,d,2,g,8,eleven
168358728,c,2,b,6,d,7,twelve
65269066,b,1,e,8,c,6,fourteen
102010849,c,1,c,7,b,6,draw
234574030,c,1,e,7,d,3,fourteen
97713840,c,1,d,3,h,6,thirteen
79280573,b,1,g,2,d,7,fourteen
111251142,c,3,a,4,h,1,eight
258926695,c,2,f,4,g,1,seven
163406325,c,3,f,8,h,6,eleven
221353203,d,1,h,7,a,1,five
204061936,d,1,g,3,g,5,fifteen
11433780,c,2,a,8,h,1,eight
81666741,b,1,g,6,a,4,fourteen
96630223,c,2,e,7,c,8,ten
255079942,d,2,e,5,a,3,seven
13861962,c,1,h,1,c,4,fourteen
208726066,d,1,h,3,h,1,seven
7911487,d,4,h,2,a,1,three
226550615,a,1,h,8,f,1,thirteen
126167055,b,1,e,4,b,3,thirteen
47143902,c,1,h,5,f,2,twelve
206168879,d,3,e,1,a,5,ten
160707379,d,2,h,5,a,3,seven
170851980,d,1,g,1,b,5,fourteen
15344338,b,1,f,8,b,5,fourteen
232913969,d,3,d,7,h,6,eleven
90558242,b,2,e,3,d,3,draw
34125997,c,1,e,1,h,2,eleven
20192566,d,2,d,1,b,5,twelve
257639090,d,4,b,4,h,4,nine
135342223,c,2,e,6,e,5,draw
179278227,b,1,d,5,g,1,nine
172321225,d,3,g,8,d,7,twelve
147848897,b,1,f,1,f,7,fourteen
195531466,d,1,h,5,c,6,thirteen
206318938,b,1,h,4,f,8,fourteen
135518476,d,1,c,8,h,2,eight
146992565,d,4,d,3,h,2,seven
130863832,c,1,b,6,e,8,thirteen
7569670,d,1,d,2,c,8,eleven
171501992,b,1,d,7,d,2,fifteen
10273056,b,1,f,1,a,6,eleven
119325300,d,2,b,8,f,6,thirteen
116534244,c,3,b,3,g,1,seven
9219780,d,4,a,2,g,1,four
236142191,c,1,a,3,c,8,fourteen
125871486,d,3,c,6,h,6,nine
222369470,d,2,f,8,c,7,fourteen
226194005,c,2,b,8,h,3,eleven
179990854,d,1,d,2,h,7,twelve
262117216,a,1,g,2,d,2,fourteen
109505652,c,2,h,6,h,1,ten
52514870,d,3,e,2,d,5,eleven
242727560,d,2,f,2,e,6,thirteen
254001389,d,1,d,3,d,5,fourteen
171978961,d,2,g,3,g,6,thirteen
15458169,b,1,b,6,d,3,fifteen
10507007,b,1,g,2,g,4,fifteen
168339981,a,1,h,3,g,3,draw
7980928,c,3,e,2,e,3,draw
261269054,b,2,a,5,g,5,thirteen
128840575,c,1,g,6,b,4,fifteen
26273125,b,1,f,7,a,5,fourteen
262124100,d,2,b,3,f,2,five
84247405,d,1,e,4,f,5,draw
201235354,d,1,a,5,a,6,draw
248540802,d,1,e,4,a,5,thirteen
241998640,a,1,e,6,h,3,fourteen
167339302,c,2,h,1,g,8,thirteen
32596236,b,1,h,6,f,3,fifteen
222471202,a,1,h,1,g,7,fourteen
223461279,b,2,c,4,e,3,eleven
205617486,d,4,b,7,c,1,eight
7161420,d,2,c,8,g,3,twelve
38362837,c,1,a,7,h,1,eight
76806087,b,1,e,8,e,5,fourteen
247734237,a,1,f,6,h,6,thirteen
62112953,c,2,c,4,e,1,eight
194901500,c,1,g,4,c,6,fourteen
84180106,d,3,a,2,h,4,eleven
181050087,b,1,h,4,f,7,fourteen
126023549,c,2,e,5,f,7,twelve
222486644,d,2,c,2,h,8,eleven
21610819,d,2,a,6,a,1,six
33391054,b,1,d,7,d,5,sixteen
10452193,d,1,b,4,d,3,eleven
51783086,d,1,g,6,a,8,twelve
160317222,b,1,h,2,c,3,fifteen
202958134,d,1,d,6,g,3,fourteen
26551519,d,2,h,8,d,4,thirteen
173511970,d,1,a,1,g,5,fourteen
211766951,d,1,g,1,b,3,fourteen
110570844,b,1,e,7,g,8,eleven
88209527,b,1,d,4,h,6,thirteen
87639446,b,1,c,2,h,4,thirteen
102892933,d,1,f,5,a,5,thirteen
164599432,d,1,a,1,c,7,fourteen
219206733,c,1,a,2,e,7,fourteen
67148679,a,1,e,8,e,2,fifteen
139252963,d,3,g,1,f,7,twelve
63855896,b,2,f,7,h,2,eleven
18732816,c,2,f,5,a,2,two
242861010,d,3,h,4,h,7,ten
84619918,d,1,a,4,g,3,seven
13914920,b,1,g,1,f,3,fourteen
206021232,c,2,c,6,f,4,fourteen
184305583,d,3,c,5,g,5,eleven
224902967,d,1,d,5,f,4,fourteen
85217556,c,3,e,8,h,7,eleven
258273787,b,1,d,4,e,7,thirteen
174702990,d,2,f,8,f,6,fourteen
56750102,c,3,c,2,e,3,thirteen
252270577,c,1,e,4,b,3,eleven
74618786,d,1,c,3,g,7,thirteen
160740890,d,3,a,4,f,4,twelve
266371239,b,1,f,3,g,4,draw
138234345,d,2,b,5,f,8,twelve
49140740,c,1,b,1,d,4,fifteen
227334983,c,2,b,2,g,1,eight
57747810,d,3,c,2,a,8,eight
264293422,a,1,g,7,h,4,eleven
236432874,b,1,h,8,h,2,thirteen
129866199,b,1,c,6,e,7,fourteen
111173518,d,3,e,4,b,3,five
7462966,d,3,a,2,g,3,nine
258391400,b,2,d,8,g,1,nine
227181670,d,2,f,7,e,4,fourteen
29460838,d,3,h,5,c,7,eleven
6501905,d,4,e,4,h,6,nine
262738484,d,2,e,5,a,2,five
129780111,d,3,c,4,b,8,eight
130950637,c,1,c,5,e,4,fourteen
18537036,b,2,g,7,e,5,fifteen
3369804,c,1,c,8,b,7,draw
19307289,a,1,d,2,g,5,fifteen
213933214,c,1,e,2,f,4,thirteen
249209482,c,3,e,2,f,2,draw
118160533,c,2,a,7,d,5,fourteen
103578489,b,1,h,8,d,8,fourteen
101275368,d,3,g,3,h,7,six
247007800,c,2,h,1,a,8,eleven
130509926,d,3,b,3,f,4,twelve
29015237,a,1,g,3,g,2,draw
159775991,c,2,e,1,h,2,nine
267932950,a,1,f,8,h,5,thirteen
220907771,b,2,h,4,f,3,eleven
174087291,d,1,h,7,h,4,twelve
156908187,c,2,g,7,e,4,fourteen
265198743,c,2,b,8,e,6,thirteen
48200779,d,1,f,5,f,4,draw
210160281,d,1,b,1,f,3,fourteen
44726003,c,3,e,1,d,1,draw
74145870,b,1,c,4,h,3,nine
148621220,c,2,h,7,g,7,draw
255817717,d,3,a,5,h,4,eight
251216682,d,2,e,2,b,8,eleven
11083712,d,4,d,3,c,1,seven
194155719,c,1,b,8,e,8,fourteen
118704401,d,1,e,2,f,3,thirteen
3547513,a,1,h,4,g,6,fifteen
116212145,d,2,c,7,b,2,ten
91220766,c,3,d,5,f,5,eleven
235050560,d,3,d,1,g,8,eleven
193335743,d,3,f,6,e,5,draw
214593898,d,1,c,5,c,4,draw
89177496,d,1,c,5,h,2,eight
163936607,c,2,b,6,f,1,eight
67186770,a,1,f,6,h,2,thirteen
246333787,b,1,h,2,e,1,seven
221131564,d,4,d,6,e,1,nine
102767846,c,1,h,3,f,3,fourteen
4336235,c,1,h,7,a,1,two
116122608,b,1,c,6,d,2,sixteen
1974844,d,3,a,2,f,5,twelve
217859143,d,1,f,8,g,7,draw
172134548,b,1,c,4,e,5,fifteen
218665358,b,1,g,6,h,4,ten
242390354,d,2,f,1,h,8,ten
135512153,c,1,h,3,b,6,thirteen
193327464,c,3,d,6,e,3,thirteen
121214112,d,1,h,1,e,5,fourteen
199179231,b,2,b,1,h,6,twelve
29931446,c,1,f,5,b,6,fourteen
101607942,d,2,h,2,c,6,thirteen
44236610,d,1,b,5,a,4,draw
93483960,d,2,d,5,e,6,draw
256580085,d,3,b,1,f,7,twelve
120574608,c,2,e,7,f,4,twelve
266030974,a,1,h,8,f,6,sixteen
177561798,d,3,a,5,c,6,eleven
195532557,d,3,e,7,a,1,five
67018776,a,1,f,3,g,7,thirteen
210630121,c,2,e,4,h,5,eleven
223762407,c,1,h,8,g,6,fourteen
252382290,d,3,a,1,b,1,draw
166805201,b,2,f,3,f,5,fifteen
163580626,c,2,c,3,e,3,fourteen
261253338,b,2,f,1,f,6,fourteen
253213246,d,1,c,1,e,3,fifteen
235195894,d,1,d,2,b,2,twelve
25673281,a,1,d,2,h,4,fourteen
144295862,c,2,e,3,e,7,twelve
23615217,c,3,e,1,f,1,draw
241639784,a,1,a,3,g,2,nine
17548177,b,1,a,7,e,8,eleven
22706378,d,4,d,5,h,6,nine
124901139,d,2,d,6,g,3,thirteen
185771769,d,3,h,5,h,3,ten
664810,d,3,h,2,a,6,ten
81297098,d,1,a,2,g,6,fourteen
157407636,d,2,d,4,f,5,twelve
40314763,c,1,d,8,b,5,twelve
265255183,d,3,e,5,e,6,draw
165865977,d,4,d,1,h,2,eight
145611061,d,1,e,1,c,6,fourteen
243137399,b,1,e,6,d,6,draw
190778300,d,3,c,6,c,5,draw
180097440,c,1,d,3,e,7,thirteen
46307440,d,2,h,4,e,5,thirteen
157054738,b,1,h,1,c,7,fourteen
190782634,d,4,f,6,f,5,draw
52875190,c,3,f,2,c,1,five
204069364,c,1,g,3,g,8,fourteen
58749644,c,1,d,6,b,5,thirteen
117631445,c,1,a,1,c,8,fourteen
128487986,b,1,h,5,h,7,fourteen
26026224,b,2,e,3,h,2,eight
49449517,c,2,e,5,g,3,twelve
150869399,c,2,b,4,h,5,twelve
239037389,d,3,b,8,b,5,eleven
79298220,b,2,h,2,f,4,fourteen
41195796,d,3,f,4,a,6,nine
164020882,d,3,c,1,a,6,nine
263259242,c,2,h,8,b,6,twelve
152483926,b,1,h,3,e,2,nine
253788371,d,4,b,4,f,4,eleven
68244237,b,1,d,6,h,1,nine
208362343,b,1,a,5,b,5,draw
54540464,d,1,g,6,h,7,draw
220651383,c,3,f,7,h,7,eleven
103256256,c,3,a,3,c,1,six
13283013,a,1,a,3,h,7,fourteen
16217281,d,2,b,5,g,1,six
121192502,b,2,a,8,d,1,ten
99487732,b,2,f,1,e,2,draw
54605278,c,2,b,8,d,4,fourteen
90962511,d,1,d,7,c,8,draw
108618806,d,2,c,3,f,5,thirteen
99135797,d,4,g,4,f,3,draw
213480169,b,1,h,5,c,6,thirteen
11610998,c,1,b,5,g,1,nine
170326075,d,3,c,1,f,1,eight
187446580,d,1,b,2,h,4,twelve
231980622,d,2,d,8,h,6,twelve
176711330,c,1,d,4,c,3,draw
170569633,c,3,e,4,g,7,eleven
85523461,d,2,g,8,h,2,seven
176317284,d,2,f,1,d,5,fourteen
18455840,b,1,e,3,g,3,fourteen
101743790,d,1,f,3,f,4,draw
169178306,b,2,a,8,g,1,nine
171902004,a,1,g,1,e,5,fifteen
25118632,d,3,h,7,f,1,eight
164439168,d,3,c,3,g,2,eight
141359962,b,1,a,5,e,7,thirteen
257820414,b,1,g,7,h,5,ten
120576442,d,2,d,3,g,4,thirteen
239298475,d,2,f,4,d,5,thirteen
236084201,d,2,e,1,e,8,eleven
191511441,b,2,d,6,d,3,fourteen
75549959,d,2,b,8,b,1,three
227786269,d,2,h,3,e,4,thirteen
170991080,d,3,c,2,g,1,four
153956953,c,2,h,2,c,5,thirteen
47463026,d,3,h,8,g,2,nine
113679777,d,2,e,7,f,8,draw
187425153,d,4,e,1,d,2,draw
67605184,b,1,c,1,d,1,fourteen
194937707,c,2,c,5,g,7,twelve
73447450,c,2,c,4,d,8,thirteen
265470985,d,2,f,1,a,1,four
210736341,d,1,f,2,e,3,draw
257842614,d,1,g,8,a,3,twelve
260971741,d,2,a,8,d,8,thirteen
247300689,d,3,d,7,a,5,ten
128970667,a,1,f,6,f,1,fourteen
223262833,c,2,c,8,e,3,fourteen
100536978,d,3,f,2,g,6,nine
265672282,d,4,e,2,f,5,ten
160342195,d,1,g,3,h,8,seven
122304785,c,2,g,8,b,7,thirteen
141780490,a,1,e,5,h,2,fourteen
166173918,d,1,b,3,g,3,fourteen
185166828,d,4,f,2,h,6,nine
180489275,c,2,c,1,g,3,thirteen
120652593,b,1,d,2,d,3,draw
40547244,b,1,f,3,b,7,thirteen
2406877,d,1,f,5,g,7,eleven
234392715,d,4,e,5,h,4,eight
35689310,d,2,h,7,g,1,eight
141714276,a,1,b,5,g,2,thirteen
191136506,d,1,e,3,g,2,six
122329728,d,2,e,8,b,5,twelve
209699263,a,1,b,6,f,5,sixteen
104974551,d,1,a,4,a,3,draw
177293937,d,3,e,5,g,1,seven
192466259,b,2,f,4,f,6,fifteen
212347883,c,2,e,5,e,1,nine
213869382,b,1,f,4,b,3,thirteen
247470404,d,1,b,4,h,7,thirteen
111898334,d,1,f,4,a,4,fourteen
40485541,c,2,a,4,b,8,eleven
121541919,b,1,h,8,b,5,fourteen
265140674,d,2,a,5,d,4,eleven
33871475,b,1,e,1,c,3,fourteen
33249839,b,2,e,5,g,3,thirteen
120794718,c,1,h,7,d,7,fourteen
98522806,d,2,h,1,f,2,eleven
211443247,d,3,g,8,a,4,ten
212335000,d,2,g,8,e,7,fourteen
60468919,c,1,c,2,e,1,five
86458553,d,1,f,8,a,7,thirteen
49344760,d,1,a,1,c,3,fourteen
53075065,b,2,a,7,g,2,eleven
117524032,d,1,f,2,b,1,three
151482836,c,3,f,4,b,1,two
34913417,c,3,c,2,h,7,eleven
45833540,b,2,b,4,g,6,fourteen
231800020,d,4,b,5,h,5,ten
166336778,a,1,f,1,e,5,fifteen
174969466,b,1,a,4,h,3,nine
248004558,c,3,e,7,g,3,twelve
56747324,d,2,g,6,f,2,thirteen
36922825,b,1,a,8,f,5,fourteen
246073084,c,1,a,1,f,1,nine
185223439,d,2,e,3,h,7,eleven
178738471,b,1,a,5,e,3,fourteen
57131683,c,3,g,5,f,4,draw
20647309,c,1,f,1,a,6,thirteen
199945003,d,1,b,1,g,5,fourteen
246458200,b,1,g,2,g,6,fourteen
209152926,d,1,h,7,b,7,fourteen
97397214,d,2,b,1,f,6,thirteen
234592681,b,1,g,7,d,3,fifteen
66198886,d,3,a,5,g,5,eleven
22871006,d,4,c,1,a,1,seven
203376838,b,1,h,5,e,4,fourteen
75305511,b,1,f,7,e,7,draw
30527140,d,3,g,4,f,2,eight
180011993,b,2,f,5,d,3,fourteen
133528838,c,3,a,7,g,1,nine
96800960,b,1,f,8,h,5,twelve
129341177,d,1,b,8,f,3,fourteen
78824629,d,3,a,6,h,4,nine
59335492,c,3,d,1,g,2,eleven
125688396,d,3,e,6,c,1,five
118099639,d,1,d,5,c,6,draw
248755582,d,1,a,1,a,4,twelve
28385947,d,2,e,5,e,7,thirteen
130517571,b,1,a,1,h,4,fourteen
156834117,d,1,g,8,f,1,twelve
137063984,d,4,d,2,f,2,eleven
219684523,d,1,e,3,f,8,eleven
119850940,c,2,f,8,e,4,fourteen
140352743,a,1,h,7,h,8,draw
101696861,c,1,e,7,c,7,fifteen
27328725,b,1,h,8,c,8,fourteen
245342182,c,2,h,2,g,1,draw
158125169,d,4,h,4,f,6,eleven
25121912,d,3,c,1,d,7,twelve
220300463,d,1,b,4,h,3,six
253680423,c,1,f,4,f,6,fifteen
55900867,d,1,a,3,g,8,twelve
83714845,d,3,f,1,g,1,draw
83291022,c,2,c,8,a,7,nine
41262641,d,3,d,5,e,8,eleven
67787718,a,1,f,8,e,1,fourteen
225569899,c,2,f,3,e,5,fifteen
189976721,d,4,f,6,b,1,eight
27285059,d,2,e,2,c,4,thirteen
226570212,c,2,d,4,e,1,eight
129462162,d,1,c,2,g,7,fourteen
85614445,b,2,h,7,d,3,fifteen
53193961,d,2,b,8,e,6,thirteen
46902726,d,2,b,8,f,1,six
205532216,c,2,c,3,d,4,fourteen
195538658,c,2,c,1,a,6,eight
245428125,c,1,e,2,f,5,thirteen
57698101,c,1,d,7,b,6,thirteen
75817608,d,3,g,1,f,8,twelve
112858908,c,2,g,6,d,5,fourteen
180626584,a,1,d,4,g,5,fourteen
180792457,b,1,g,6,c,6,fifteen
188260726,b,1,c,8,e,6,fifteen
203165344,d,4,f,3,d,1,eight
128998582,d,3,d,2,b,5,ten
10822636,d,3,a,4,a,1,five
88875491,d,4,h,8,h,2,nine
171326171,d,3,a,2,f,7,twelve
145585273,c,1,c,6,g,6,fifteen
251259001,c,1,a,4,b,6,fourteen
206937380,d,1,b,5,g,5,thirteen
50476186,b,1,b,6,g,7,thirteen
80043450,b,1,g,6,e,3,fifteen
192060361,d,1,f,6,f,1,nine
85745180,d,3,c,5,c,7,twelve
265570450,a,1,b,4,h,2,eleven
225797476,c,3,c,8,f,3,twelve
138251984,d,1,e,5,b,1,five
231644021,c,1,c,5,c,8,fourteen
160538115,b,1,g,1,c,8,fourteen
187041766,d,3,e,2,g,5,eleven
128053687,d,3,e,8,b,5,eleven
74213973,d,3,c,5,d,7,twelve
191031759,c,1,f,3,b,7,thirteen
191278368,d,3,c,1,h,4,eleven
254976739,d,2,d,5,d,6,draw
33633869,d,3,d,2,f,1,five
188016154,b,1,h,6,b,4,fifteen
232624647,c,2,e,2,h,6,twelve
79320739,d,1,a,4,c,3,eleven
262593701,c,1,d,1,e,5,fifteen
197932089,d,1,f,3,e,6,fourteen
29651702,c,3,a,2,b,1,draw
56296486,c,1,e,6,f,3,fourteen
170255912,d,3,h,3,c,1,four
213850068,d,3,b,7,a,3,six
197846065,a,1,d,5,h,6,thirteen
199726360,d,3,d,5,b,8,nine
238812847,c,1,a,6,a,7,draw
158481679,d,2,c,8,f,7,fourteen
97847807,b,2,e,2,g,5,thirteen
161819441,b,1,d,7,f,8,eleven
75340054,a,1,g,2,c,1,eight
189240091,a,1,a,4,g,4,fifteen
192990092,d,2,c,6,b,1,five
178741760,d,4,g,2,d,2,six
180562685,c,2,g,1,g,4,thirteen
19617836,a,1,a,8,d,3,fifteen
10159099,a,1,a,6,f,2,thirteen
103661960,d,1,e,2,f,5,thirteen
124950701,b,2,g,5,g,2,thirteen
60849781,c,1,h,7,h,4,thirteen
51718332,d,4,h,2,h,1,draw
61873189,d,3,h,4,f,1,seven
256525723,d,3,a,3,e,1,six
191172151,c,3,c,1,f,3,thirteen
246959257,b,2,c,2,h,8,twelve
115741545,c,1,b,7,g,5,fourteen
114202332,c,1,h,5,f,8,thirteen
119126159,b,1,f,7,a,7,fourteen
194369905,b,1,f,1,c,7,fourteen
112233578,b,2,c,2,h,5,thirteen
207412763,c,1,h,7,f,5,fifteen
10495686,b,1,g,6,e,8,thirteen
194379909,c,2,d,3,b,4,eleven
217750082,d,1,h,5,f,3,thirteen
35114675,d,3,c,1,c,5,twelve
101651908,d,3,g,5,b,2,six
102578450,d,1,h,4,h,5,draw
118165222,d,2,g,7,b,5,thirteen
260565598,d,2,d,6,f,4,fourteen
243859972,d,1,f,2,d,7,fourteen
48139236,d,3,h,4,d,1,two
8032817,d,3,b,7,a,6,draw
113954760,b,1,c,8,g,1,nine
98868439,c,1,g,3,b,7,thirteen
175465558,c,2,b,6,d,5,fourteen
143172909,b,1,a,7,b,8,draw
212190774,d,3,h,3,h,5,twelve
139679189,b,1,d,4,c,8,eleven
200203295,c,2,a,6,e,4,fourteen
94473171,c,1,e,3,h,8,twelve
257980806,c,1,f,5,f,3,fourteen
243204575,b,2,f,7,e,4,fifteen
128229137,d,2,a,1,f,5,fourteen
158227271,d,3,e,1,h,6,ten
141414176,d,1,c,6,c,5,draw
232078243,c,2,e,4,a,7,nine
103815369,d,2,h,7,b,7,thirteen
102878706,d,2,a,1,c,6,thirteen
40369252,d,3,b,5,b,4,draw
11939690,d,2,a,2,h,2,eight
264731856,c,2,d,7,g,5,thirteen
158458572,d,3,a,4,a,2,six
204240547,c,1,h,6,e,6,fifteen
136291087,c,1,b,4,d,5,fifteen
7132787,d,1,d,6,c,8,twelve
212317940,a,1,e,7,g,6,fifteen
53967290,d,2,a,5,b,1,five
212551832,c,2,b,7,a,7,draw
211167925,c,2,c,8,e,8,fourteen
187826538,d,2,b,7,f,6,thirteen
110352781,d,3,f,2,d,8,twelve
63761116,d,2,g,1,c,7,thirteen
132740239,c,1,d,4,b,4,twelve
230754026,c,2,g,8,e,4,thirteen
28154416,c,2,e,1,h,4,twelve
99069036,b,1,a,7,h,4,fourteen
210147637,c,1,b,7,c,4,fifteen
202464904,d,1,b,5,c,4,draw
143841342,d,1,b,2,h,7,twelve
116142297,b,2,d,2,d,1,draw
215908575,c,3,f,7,g,5,eleven
163964491,b,1,c,3,a,6,ten
7216860,b,1,a,3,d,3,fifteen
237634976,b,1,f,5,a,8,twelve
86788403,d,2,g,4,f,1,seven
104150321,c,1,f,4,f,1,ten
27649859,c,1,g,7,d,7,fifteen
210427810,d,3,h,4,a,3,five
100431277,b,2,h,8,g,1,twelve
28549356,a,1,c,3,e,5,sixteen
202469261,b,1,h,7,d,7,fourteen
239609986,d,3,f,1,a,2,six
20942261,d,1,d,3,h,4,thirteen
218707144,c,1,a,3,a,2,draw
110348756,d,3,f,7,c,1,five
242219238,d,1,d,6,e,5,draw
102761926,d,2,d,6,a,7,ten
157735284,c,1,b,8,h,2,nine
213505489,d,3,d,8,h,5,eleven
58108663,c,3,d,3,b,1,two
2416785,c,2,e,3,e,5,thirteen
252992259,c,2,e,2,a,4,twelve
123039786,c,2,g,1,f,2,draw
102174907,d,4,h,2,b,1,four
250764912,c,2,d,3,a,4,ten
128439659,d,1,e,2,a,6,twelve
152703274,c,1,g,8,a,8,thirteen
33940155,d,4,g,7,a,1,seven
496009,a,1,e,6,f,5,draw
80451302,d,2,a,1,f,8,twelve
253418844,d,3,c,2,b,3,nine
206522738,d,2,g,1,b,1,four
195573582,a,1,g,7,c,3,sixteen
54351131,d,3,d,4,h,1,six
165054800,d,4,f,6,f,3,nine
81929999,c,2,h,6,a,8,eleven
24619772,c,1,h,5,a,3,ten
33715734,c,2,a,2,a,8,eleven
10492744,d,2,h,3,h,6,eleven
266176796,d,3,h,2,g,3,draw
110937277,d,2,g,4,e,6,thirteen
95513063,c,3,d,4,f,2,ten
173789483,d,2,f,8,g,5,ten
150143151,b,1,e,3,b,5,fourteen
252559515,b,2,h,2,d,1,seven
238527065,b,1,e,3,g,1,nine
80990482,c,2,b,7,c,5,fourteen
99792295,d,2,e,4,c,4,twelve
24432270,c,2,c,1,a,2,seven
133914226,d,2,h,7,c,5,thirteen
264919683,d,3,f,3,b,4,twelve
143607413,b,1,f,5,b,5,fifteen
16725671,d,2,c,4,h,2,six
169432476,b,2,f,3,g,6,twelve
48266450,c,2,g,3,e,3,fourteen
138307878,c,2,b,1,h,8,eleven
183763655,d,3,b,7,c,1,one
222353325,b,2,h,8,e,4,fifteen
112373565,c,1,d,4,g,3,eight
16856430,d,1,h,5,g,4,draw
93597019,c,2,g,3,b,7,eleven
200331789,c,2,c,7,e,6,fourteen
2264180,d,3,f,6,b,8,ten
207889289,d,2,d,5,a,7,nine
88053672,d,2,e,4,g,8,nine
99968344,a,1,g,4,h,3,draw
241682399,d,2,g,2,f,5,thirteen
179573476,d,2,d,7,h,5,twelve
200154321,b,2,b,6,e,4,fifteen
25236241,c,1,f,8,e,7,draw
181200287,d,1,c,5,f,6,fourteen
49136663,d,3,f,6,h,5,eleven
66006640,c,2,c,8,c,6,fourteen
234374184,a,1,h,6,g,6,draw
120893091,a,1,d,3,e,1,ten
92709647,c,1,f,1,f,6,fifteen
198780248,d,1,e,7,a,6,fourteen
1444955,d,4,f,6,h,8,seven
4230400,b,1,e,1,c,7,thirteen
137305114,b,1,d,5,g,3,fourteen
135746194,d,1,d,4,c,7,eleven
225459277,d,2,d,6,h,7,eleven
161542168,c,2,e,5,g,4,twelve
93894436,c,1,a,6,e,3,fourteen
234495838,d,3,b,3,d,5,thirteen
115370496,d,2,e,4,b,7,eleven
76518052,d,2,a,7,b,8,draw
131423145,c,1,g,1,a,3,thirteen
250384216,d,2,b,7,g,2,eight
166460575,c,2,a,2,e,7,thirteen
4130263,c,3,d,6,f,3,thirteen
245425937,d,1,d,3,a,1,four
87104934,c,1,h,5,a,8,twelve
34095905,d,3,h,1,f,7,twelve
205911892,c,3,g,1,e,1,eleven
60361621,c,2,e,7,e,8,draw
71482198,d,3,c,1,b,6,nine
187365408,b,2,d,4,h,1,nine
252181633,b,1,a,7,c,4,fifteen
124411927,d,2,h,5,f,1,eight
117484119,d,1,e,2,g,2,thirteen
99508767,a,1,c,7,e,4,sixteen
249134940,b,2,f,8,f,5,fourteen
238938648,d,1,f,4,e,8,fourteen
128283655,c,2,g,7,h,2,eight
223199296,a,1,a,4,c,1,twelve
243242812,a,1,h,6,g,3,fifteen
155508975,c,2,a,4,c,8,twelve
119862752,d,2,b,4,f,2,seven
163677252,d,1,c,7,c,3,fifteen
30809720,d,2,d,3,e,4,thirteen
221351642,d,2,e,3,g,7,eleven
48283645,d,3,g,6,c,8,ten
59109986,d,1,d,2,a,5,twelve
15744690,d,3,e,8,a,3,seven
244507539,d,3,f,5,b,5,eleven
95592024,d,2,d,8,f,2,eight
32785049,c,2,a,3,a,6,ten
87290416,d,3,b,3,e,5,twelve
99161087,c,1,a,4,g,7,fourteen
177507742,a,1,g,4,f,3,draw
209041358,d,3,b,6,e,5,twelve
61946257,d,4,f,1,h,1,eight
222913679,c,1,e,6,b,8,thirteen
46771282,d,2,c,3,b,2,four
147760683,d,3,d,5,d,6,draw
163057195,d,1,g,5,b,3,twelve
128604409,b,1,h,3,a,3,thirteen
258512810,b,1,e,7,h,4,thirteen
95091940,b,1,f,8,f,3,fifteen
150215385,d,4,a,5,e,1,nine
234225641,c,3,d,2,h,4,twelve
173349531,c,2,e,8,a,6,twelve
217398252,c,1,c,3,d,4,draw
160658621,c,2,c,8,h,6,thirteen
173551972,b,1,c,8,e,1,fourteen
184554492,c,2,f,2,e,4,fifteen
85591064,d,1,a,1,b,5,fourteen
153269375,a,1,e,2,g,7,fourteen
248030918,d,1,b,3,d,5,fifteen
134035798,d,3,a,4,f,3,seven
117506449,c,1,b,1,c,3,fourteen
209974626,d,1,c,1,f,5,fifteen
18751279,d,3,e,4,b,2,five
198970095,a,1,h,1,f,4,fifteen
137751724,c,1,g,2,a,7,eleven
191455718,c,3,e,4,h,4,eleven
196780584,d,3,f,5,g,1,seven
154092580,d,3,c,6,e,6,thirteen
247453880,d,2,e,5,h,1,six
237524132,d,3,a,5,d,5,eleven
210886289,d,3,g,4,a,8,nine
107471098,c,2,f,4,c,8,thirteen
268056263,c,1,d,7,h,2,nine
33284636,d,2,h,4,f,8,twelve
179301230,d,2,f,7,h,2,ten
88009786,b,1,d,7,g,4,fifteen
129572750,d,3,g,4,g,1,seven
103428703,d,2,g,8,g,7,draw
51789091,d,2,g,4,h,1,five
90430106,a,1,d,5,h,2,twelve
206139203,d,2,e,1,b,3,thirteen
266930139,c,2,c,6,c,7,draw
30496987,c,2,c,7,c,8,draw
246182514,c,2,e,6,e,7,draw
200903452,c,2,b,1,g,8,thirteen
20411383,d,2,b,3,h,8,eleven
5254808,b,2,g,4,h,8,nine
225528267,a,1,h,5,f,6,fifteen
138715632,b,2,e,1,h,6,twelve
232029739,c,1,f,1,h,4,eleven
61150638,d,1,h,8,f,3,fourteen
225597483,c,3,f,7,h,6,eleven
76247969,b,1,g,4,d,5,fourteen
266939898,c,1,f,3,h,4,twelve
35788128,b,1,f,5,e,4,draw
168592052,c,1,f,3,h,5,twelve
225306263,c,1,e,7,e,3,fourteen
37690148,b,2,f,2,e,5,fifteen
21359726,a,1,g,3,f,3,draw
56233160,c,3,d,6,b,1,two
122652671,a,1,a,2,g,2,thirteen
206091327,d,1,c,1,f,1,six
124132169,b,2,a,2,h,3,thirteen
5930354,d,1,f,6,g,7,draw
112825834,c,1,e,5,b,4,thirteen
249622586,c,2,b,8,e,5,fourteen
107853436,d,1,a,7,d,4,fourteen
35148749,c,2,c,6,e,1,eight
184886982,d,1,g,6,b,5,fourteen
157681784,d,2,a,8,g,6,thirteen
42895139,d,1,c,8,h,6,thirteen
162141454,d,2,h,1,a,2,five
228408092,b,2,f,7,g,2,eleven
54197369,a,1,h,4,h,1,twelve
142481002,b,1,a,8,f,4,fourteen
233248599,b,1,g,3,c,3,fifteen
6784998,c,2,c,3,b,5,nine
172162808,c,2,d,3,g,4,thirteen
134517885,d,2,g,8,f,2,thirteen
190925993,d,1,b,2,d,3,fourteen
151975849,d,3,d,6,a,4,eight
52254071,d,3,d,4,b,1,five
96554924,b,1,c,1,g,5,fourteen
111945129,c,1,c,3,h,7,twelve
156007187,d,2,f,8,a,7,twelve
233574345,d,3,d,7,e,7,draw
148197426,d,2,e,3,f,5,twelve
2732647,a,1,c,7,h,2,twelve
134949369,d,3,e,8,c,5,eleven
259339007,a,1,a,5,e,4,fourteen
202181715,c,1,a,8,d,8,fourteen
219465013,b,1,c,1,a,4,eleven
216344881,c,3,a,7,h,5,twelve
242643807,d,4,b,2,g,2,ten
227034238,c,1,g,4,a,6,thirteen
38173810,d,2,h,5,b,3,nine
183970940,c,2,f,2,h,4,eleven
187600696,a,1,e,6,e,4,fifteen
153632501,d,1,d,7,c,3,twelve
35614631,b,1,g,5,h,3,ten
235944004,c,2,f,4,a,8,nine
218216068,c,1,h,3,a,4,thirteen
82062266,b,1,g,4,b,6,fourteen
58931831,d,2,h,2,c,4,thirteen
176841555,d,4,c,3,f,5,twelve
114278086,d,1,h,6,b,4,fourteen
240919442,a,1,e,5,e,2,fifteen
131344524,c,1,f,1,f,4,fifteen
115881125,b,1,e,8,b,5,fourteen
139929277,d,1,e,6,e,8,thirteen
18170996,c,1,f,2,a,5,eleven
120643312,b,2,d,3,g,6,fourteen
206680383,c,2,d,5,a,5,nine
187575541,d,4,a,3,e,1,nine
53505449,b,2,h,6,h,3,thirteen
238049339,c,2,a,2,h,3,eleven
242173765,d,2,a,7,d,5,fourteen
30692486,d,1,c,2,h,3,twelve
148806750,d,2,f,8,b,1,four
206483206,d,2,a,2,f,4,fourteen
160410869,d,3,a,5,b,5,draw
57221738,a,1,b,7,c,1,fourteen
124077176,c,3,d,2,h,7,eleven
86155431,b,1,c,2,g,8,fourteen
49279501,d,4,f,7,b,1,eight
199978062,c,3,h,2,h,5,twelve
157289153,d,2,b,4,b,5,draw
187806110,c,1,a,6,g,4,fourteen
105304362,b,1,g,1,d,7,fourteen
227639096,b,2,b,5,h,3,eleven
147467709,b,2,g,4,f,3,draw
127812470,d,1,c,8,d,7,draw
248563827,c,2,f,5,e,4,draw
99221817,d,2,a,5,h,6,twelve
3324173,b,1,d,1,d,5,fifteen
225705167,d,1,g,1,h,7,eight
92587464,d,2,e,1,g,8,eleven
209784108,d,3,e,7,a,4,ten
39389958,d,2,a,4,f,7,thirteen
256313784,d,3,d,1,c,1,draw
1454266,d,1,f,5,e,5,draw
172993107,c,1,b,6,e,1,nine
133986767,c,3,b,7,b,1,three
245378814,d,2,c,4,h,7,ten
33121097,b,1,d,2,e,6,fifteen
165658002,b,2,a,1,f,4,fourteen
45370494,c,1,b,2,b,6,thirteen
250994534,a,1,a,6,g,3,fifteen
81070420,c,1,a,7,a,2,eleven
199566128,c,2,c,5,f,6,thirteen
238943489,c,1,g,1,f,6,fifteen
9792727,c,2,e,5,e,2,ten
229774504,d,2,b,5,f,6,twelve
4176092,b,2,f,6,g,1,eleven
246862466,d,2,c,3,d,7,thirteen
182434575,d,1,g,3,d,3,fourteen
124025329,d,1,e,6,h,1,six
208387928,c,3,c,7,f,3,twelve
103328194,d,1,a,4,g,4,fourteen
150550077,d,2,d,4,c,5,draw
38922339,c,1,a,2,a,3,draw
114148297,b,1,h,5,f,3,fourteen
205888039,b,2,h,5,e,2,twelve
93875398,d,1,c,8,d,5,fifteen
130602516,b,1,h,3,d,6,fifteen
129428596,c,1,h,1,g,8,fourteen
146775372,d,1,e,2,b,5,thirteen
253584150,d,2,f,6,d,4,fourteen
219514294,d,4,d,6,f,1,nine
174474463,d,1,d,4,b,7,eleven
169864568,d,3,a,8,c,8,eleven
233573912,c,2,c,4,f,7,thirteen
59827194,b,1,c,7,h,8,ten
41250197,a,1,c,1,g,6,fifteen
220663794,d,3,g,3,f,4,draw
40533040,c,2,h,3,f,4,fourteen
113217830,b,1,b,6,a,7,draw
250547174,c,1,e,7,g,4,thirteen
42142973,d,1,f,8,d,8,fifteen
198379060,d,2,d,6,a,3,eleven
174708772,c,2,b,3,a,8,seven
199473864,c,2,a,6,c,4,fourteen
189406362,d,1,e,1,h,7,eleven
24864568,c,3,h,2,g,7,twelve
126078513,c,2,h,5,e,5,thirteen
150469705,b,2,d,5,e,3,fourteen
139992113,b,1,b,3,e,2,nine
43643283,b,1,d,5,f,2,fourteen
132273269,d,2,a,2,a,7,eleven
104997353,c,2,a,5,g,4,ten
51886401,c,2,b,7,e,6,fourteen
151042030,d,3,f,6,e,6,draw
127508168,c,1,c,7,a,2,eleven
136850652,b,1,g,3,d,7,fourteen
227232316,d,3,f,8,g,6,nine
221710492,b,1,a,3,a,4,draw
13093312,d,3,c,5,g,4,nine
123734203,b,1,g,8,b,4,fourteen
16111417,b,2,b,5,g,6,thirteen
70212068,c,3,e,5,h,8,ten
166196575,b,2,f,7,e,3,fifteen
37713545,d,3,b,4,f,8,eleven
60313368,c,1,f,7,f,5,fifteen
60145556,c,1,e,5,g,8,twelve
106856412,a,1,g,5,d,2,fourteen
44152192,c,2,g,7,a,6,twelve
123824951,d,3,c,5,b,4,draw
50864101,c,1,f,8,b,5,thirteen
221685751,c,2,g,6,c,4,fourteen
114123384,c,1,f,1,e,4,fifteen
51490901,d,1,a,8,c,5,fourteen
158138091,d,3,g,1,g,4,twelve
152860690,b,2,g,2,e,4,fifteen
59214850,d,2,c,6,h,3,ten
49056891,c,2,c,5,e,4,fourteen
31292482,c,1,f,5,a,8,twelve
93996545,d,1,f,8,c,3,fourteen
195603430,c,1,e,4,f,1,eight
108587640,b,1,f,2,e,5,sixteen
224426965,b,1,g,1,d,6,fifteen
126734555,d,3,e,7,c,8,nine
176870477,c,2,f,4,a,5,eleven
20970520,d,2,h,4,f,3,eight
166441884,c,1,a,7,f,3,fourteen
127425302,b,2,b,3,h,3,thirteen
176957133,b,1,g,7,c,4,fifteen
171895842,d,2,h,5,b,8,twelve
77994455,d,1,e,7,b,8,eleven
217607992,a,1,a,3,h,3,fourteen
32133871,c,3,g,2,g,1,draw
122547420,a,1,d,3,h,8,fourteen
71571305,d,1,c,8,e,4,fifteen
48538392,c,2,c,3,f,7,thirteen
31475194,d,4,h,2,f,2,eleven
49383343,c,2,c,3,c,7,thirteen
10463051,c,3,h,3,f,4,thirteen
214982596,b,2,d,7,e,3,fourteen
227748472,c,3,a,4,b,1,one
106622237,d,1,g,5,e,6,fourteen
247627369,c,1,g,2,f,7,fourteen
39415536,d,1,e,2,c,3,fourteen
210654590,d,4,f,8,h,6,nine
75709828,b,1,h,4,b,5,fourteen
187951718,c,2,e,1,g,3,twelve
157261567,d,1,f,6,d,7,thirteen
226707936,c,2,e,1,f,8,twelve
174001260,b,1,b,8,g,3,fourteen
264109916,d,2,c,3,f,2,five
224007510,d,2,f,1,f,5,fourteen
56332884,d,3,f,2,a,7,nine
132367872,c,2,f,6,a,6,thirteen
126072077,a,1,a,4,e,1,twelve
4206869,b,1,c,1,b,5,ten
267884354,a,1,c,5,g,2,thirteen
249005015,b,1,b,5,e,1,ten
250031543,c,2,f,6,g,3,twelve
225827921,c,2,b,2,f,2,ten
89570908,d,2,c,5,a,2,eight
16203708,c,2,f,7,f,1,ten
69434552,d,2,e,5,a,8,ten
56471294,b,1,h,7,f,2,thirteen
245824467,a,1,c,3,f,3,sixteen
161298823,a,1,f,4,f,2,thirteen
89012634,d,3,h,3,f,6,twelve
155293678,d,3,g,4,a,2,five
213211523,d,4,g,4,g,6,eleven
200394785,b,2,e,4,h,4,twelve
75659651,d,3,d,2,h,3,nine
38572054,c,2,g,2,e,8,thirteen
233006839,c,2,c,4,e,5,thirteen
192471174,c,1,a,3,b,6,thirteen
208485681,d,2,h,6,a,4,thirteen
65707419,d,3,g,6,d,5,thirteen
201988117,b,1,f,2,a,6,eleven
247222704,d,4,g,1,g,4,eleven
1402876,c,1,f,2,h,6,eleven
20392125,b,1,c,3,f,3,fifteen
258350136,b,2,f,1,f,2,draw
75418364,b,1,a,8,e,4,fourteen
101114453,b,2,e,3,h,1,eight
135615548,d,1,g,2,a,7,twelve
101866470,b,1,e,6,d,1,fourteen
132764777,b,2,g,8,e,2,thirteen
92938311,d,2,h,3,g,4,draw
26504507,c,2,h,7,d,7,thirteen
202989132,b,2,b,3,d,1,nine
238232336,d,2,d,4,a,6,ten
10387781,b,1,g,1,a,6,eleven
107504807,b,2,h,8,d,4,fourteen
9165991,b,2,e,3,f,2,draw
118496999,d,3,b,6,e,8,eleven
149182939,d,2,b,4,e,8,thirteen
95716997,d,1,e,8,h,2,eleven
40342667,d,2,b,1,c,5,fourteen
119285751,c,1,a,5,d,7,thirteen
43958969,c,3,c,2,d,1,five
127243822,d,3,b,3,a,2,draw
197560525,d,1,a,4,f,2,nine
267685215,c,1,d,2,a,8,ten
197841001,b,1,e,8,a,3,eleven
133851827,b,2,c,3,e,1,nine
81673875,a,1,e,1,g,3,fourteen
59153313,c,1,d,6,g,4,fifteen
43548392,c,3,f,6,g,7,draw
7854672,c,1,a,8,g,7,fourteen
40892923,d,3,h,5,g,3,ten
19428382,d,2,d,1,e,4,fourteen
6703023,c,2,d,6,h,2,nine
72233000,d,4,h,6,g,5,draw
129143294,d,2,d,7,b,3,twelve
157561177,c,1,c,8,c,7,draw
16023217,c,3,f,6,g,3,eleven
23756036,d,2,g,2,b,6,thirteen
30063551,d,3,a,3,h,1,five
252971388,d,1,c,6,c,3,fifteen
185746699,c,1,a,1,b,6,fourteen
149047550,d,1,d,3,a,7,eleven
114998960,d,3,d,5,g,2,eight
73823259,d,1,a,6,b,6,draw
107204847,c,3,d,5,g,6,eleven
182607194,a,1,b,1,d,4,fifteen
170036609,b,1,f,5,c,5,fifteen
84720223,c,2,h,2,a,5,twelve
25326029,b,1,b,3,h,3,thirteen
222015675,b,1,b,2,e,3,fifteen
225919659,c,1,f,5,a,7,thirteen
90883914,d,1,c,1,h,2,eight
22776182,c,1,f,3,h,1,eight
390939,c,2,f,5,g,2,ten
173881248,c,1,d,8,g,4,fourteen
224256633,c,2,g,1,e,5,fourteen
29910807,b,2,d,6,h,4,thirteen
211841301,b,2,d,7,h,6,thirteen
196066998,c,1,h,7,g,8,draw
155293305,c,3,g,6,f,1,eleven
139221106,c,2,e,2,g,7,twelve
106334650,c,1,b,7,c,7,draw
175377483,b,1,f,6,b,4,fifteen
145181743,c,2,e,3,c,7,twelve
32217625,d,1,d,6,g,2,twelve
23252933,d,3,g,6,h,6,draw
47346829,d,4,e,3,g,1,seven
204756583,d,3,g,6,f,8,eleven
136286204,b,1,e,3,f,3,draw
907874,d,3,b,5,a,3,five
180834195,d,4,a,1,f,1,nine
264129911,d,1,c,4,f,7,fourteen
110551746,d,3,a,1,b,8,ten
164265448,c,1,g,3,d,3,fourteen
161654746,c,1,b,2,a,7,eight
61466601,d,3,f,1,a,6,ten
241444768,b,1,c,8,a,5,ten
163909859,b,2,e,5,d,3,fourteen
182943156,b,2,d,2,g,6,fourteen
78346849,d,4,d,2,b,1,four
90933631,d,3,b,7,b,3,six
262260973,c,2,h,4,e,5,thirteen
132035749,d,2,g,1,b,5,thirteen
131767594,c,1,a,8,h,7,thirteen
127144036,c,1,b,3,e,1,eight
78373630,b,1,a,7,h,1,nine
89376382,b,2,e,7,d,3,fourteen
169743579,a,1,g,6,g,1,fourteen
175346535,d,3,f,5,b,1,five
202454085,d,1,d,5,a,4,twelve
206234887,d,3,e,8,f,8,draw
121629878,d,1,h,5,a,1,five
221288539,c,1,c,8,g,6,fourteen
165076862,c,3,f,7,f,5,fourteen
107052666,b,2,h,8,f,3,fourteen
244442352,d,3,g,5,h,2,six
142598793,d,2,d,8,f,1,six
259719740,d,1,b,6,d,3,fifteen
76014939,d,4,b,3,f,4,eleven
231264845,c,1,e,2,b,8,twelve
231956625,d,2,c,1,g,1,six
223966960,d,1,a,5,c,5,fourteen
200234096,b,2,f,2,f,1,draw
141927034,c,2,f,7,f,2,fourteen
228277223,a,1,e,5,g,2,fourteen
65144022,c,1,a,1,f,3,fourteen
14141207,a,1,d,3,h,2,nine
254966226,d,4,a,1,d,2,nine
102434119,b,1,e,6,f,1,twelve
217099044,d,3,a,6,h,7,nine
97462156,b,1,d,7,c,4,twelve
14200598,d,3,h,6,h,7,draw
163764220,d,1,c,6,h,5,fourteen
181194295,b,1,a,5,c,3,fourteen
157109737,c,3,f,3,b,1,two
73055739,c,1,b,4,a,8,seven
116354458,b,1,h,6,g,2,thirteen
85324613,c,2,a,6,d,8,eleven
133038036,d,1,g,6,f,3,fifteen
183436522,c,2,b,5,c,8,twelve
92952038,c,2,b,1,b,7,eleven
107800324,c,1,f,3,h,8,eleven
132391667,d,2,d,5,c,4,draw
25139971,c,3,f,3,f,4,draw
131538387,c,1,c,8,b,8,draw
45573882,a,1,c,6,g,3,sixteen
166986228,b,1,d,1,e,8,fourteen
162066817,c,1,f,7,b,7,fifteen
4405739,b,1,d,1,c,3,twelve
136339870,c,2,b,2,d,7,thirteen
99374468,b,2,g,1,f,2,draw
114322724,c,2,e,5,b,8,eleven
82295026,b,2,h,5,h,4,draw
239047108,b,1,a,3,b,3,draw
255198189,a,1,c,6,f,4,sixteen
258568902,d,4,e,1,g,6,eleven
44237875,d,4,e,3,f,1,seven
226040727,b,2,f,3,e,2,draw
36647140,d,4,e,5,h,6,nine
37876661,b,1,h,4,a,5,fourteen
187732407,b,1,h,1,f,1,twelve
37678232,b,1,f,2,h,2,thirteen
174383330,d,3,d,2,a,5,ten
215703997,b,1,b,3,f,7,fifteen
39517589,b,1,e,1,a,6,eleven
176152465,d,2,g,3,g,8,twelve
101884111,d,1,h,6,h,2,twelve
83300223,b,1,h,7,f,6,fifteen
7824042,c,1,f,3,a,2,one
158270648,c,1,f,5,f,1,thirteen
133994187,c,2,b,4,g,6,thirteen
167448561,c,1,h,8,c,6,fourteen
235345973,d,1,d,7,h,1,six
26438105,d,1,d,4,d,8,thirteen
81340451,c,2,e,4,g,5,eleven
223507492,d,3,d,2,h,1,five
6274034,c,3,e,1,e,4,twelve
95720496,d,4,f,3,h,7,nine
77077512,b,1,c,3,b,3,draw
50898611,d,2,a,7,e,8,nine
24413699,d,1,e,4,e,8,thirteen
235771791,c,1,e,3,d,5,fourteen
95416499,b,1,f,2,h,5,twelve
6766843,b,1,a,7,e,1,ten
232768566,d,2,h,5,d,5,twelve
192380488,c,2,e,3,c,8,eleven
124097366,a,1,g,1,g,5,fifteen
101289225,d,4,b,5,e,2,ten
138748187,c,1,b,2,b,7,thirteen
244942695,d,2,e,2,f,2,twelve
70368588,d,1,d,7,a,4,twelve
87333303,d,2,h,4,e,6,thirteen
149422436,b,1,d,4,h,8,thirteen
244891040,c,1,a,7,d,6,fourteen
266048034,b,2,d,5,g,2,eleven
4967673,a,1,g,7,e,5,sixteen
45208949,d,4,a,7,g,6,eleven
186335461,d,2,a,2,c,4,thirteen
246364937,d,3,g,7,g,4,twelve
55528457,c,3,d,3,f,3,thirteen
230215991,c,2,g,2,f,8,thirteen
27168573,b,2,b,3,e,4,fifteen
233806648,d,1,a,2,d,3,fourteen
119341014,d,1,a,7,e,6,fourteen
205251592,b,1,f,7,c,8,eleven
68192853,c,2,h,2,d,7,thirteen
20649364,d,2,h,3,d,8,twelve
63804951,b,1,b,4,f,1,ten
3492248,d,3,g,6,e,1,eight
169529969,a,1,e,4,f,3,draw
216292960,c,2,g,4,d,7,thirteen
81767855,d,3,g,3,f,1,seven
58479002,c,3,c,7,e,2,ten
123548157,b,2,h,1,d,1,ten
63794316,d,1,b,4,e,3,ten
266604885,d,3,b,8,f,1,eight
151213199,c,3,f,6,h,1,nine
94215688,b,1,f,3,c,8,fourteen
187506246,d,3,h,8,d,6,twelve
168512946,a,1,c,5,h,4,thirteen
166381644,b,2,c,5,e,3,fourteen
6959037,c,2,g,1,h,6,seven
213510190,c,1,a,4,a,8,ten
70574350,c,1,h,4,e,4,fourteen
96338014,b,1,d,4,g,5,thirteen
210513955,d,1,f,2,h,7,eleven
98278710,d,2,c,8,a,8,nine
215464261,d,2,d,3,a,2,four
207447794,d,2,e,6,h,2,eight
176711470,d,3,d,8,g,7,twelve
152765617,d,3,a,3,e,5,twelve
